chrom	pos	ref	alt	strand	gene	consequence
chr13	113105753	C	T	1	F7	none
chr20	63696731	C	T	1	TNFRSF6B	none
chr6	41201064	G	A	-1	TREML2	none
chr12	9607882	A	G	-1	KLRB1	none
chr14	92748633	G	C	-1	LGMN	none
chr2	36355808	G	C	1	CRIM1	none
chr2	36355688	G	T	1	CRIM1	none
chr2	36355709	A	C	1	CRIM1	none
chr2	36355735	G	T	1	CRIM1	none
chr12	56362778	G	A	-1	APOF	under
chr7	143288278	C	A	1	CASP2	none
chr12	53097656	C	T	1	IGFBP6	none
chr20	23086379	T	C	-1	CD93	none
chr20	23086345	G	A	-1	CD93	none
chr11	111540798	C	T	1	LAYN	none
chr11	111540672	G	C	1	LAYN	none
chr1	226408064	C	G	-1	PARP1	none
chr1	226408033	A	T	-1	PARP1	none
chr1	156642111	G	T	1	BCAN	none
chr7	150514813	C	G	1	GIMAP7	under
chr16	69762349	G	A	1	WWP2	under
chr16	69762255	G	A	1	WWP2	none
chr16	69762306	G	C	1	WWP2	none
chr6	46793359	T	C	1	MEP1A	over
chr6	46735336	C	T	-1	PLA2G7	none
chr6	46735450	G	C	-1	PLA2G7	under
chr6	46735292	G	A	-1	PLA2G7	none
chr4	186069202	G	A	1	TLR3	over
chr4	155953920	G	A	-1	CTSO	none
chr4	155953869	C	G	-1	CTSO	none
chr11	17351708	G	A	1	NCR3LG1	over
chr2	231395699	C	A	1	B3GNT7	none
chr2	231395609	C	A	1	B3GNT7	none
chr2	231395609	C	T	1	B3GNT7	none
chr2	231395656	G	A	1	B3GNT7	under
chr2	231395766	G	A	1	B3GNT7	none
chr4	73988157	G	C	-1	PPBP	none
chr4	73998662	G	A	-1	CXCL5	none
chr4	73998645	G	T	-1	CXCL5	over
chr11	72216830	T	G	1	FOLR2	none
chr1	227948022	C	G	-1	WNT9A	none
chr1	227947958	T	G	-1	WNT9A	none
chr1	227947908	G	C	-1	WNT9A	none
chr11	1853083	C	T	1	LSP1	none
chr11	134069028	C	A	1	JAM3	under
chr8	63038823	C	T	-1	GGH	none
chr2	206443585	G	C	1	ADAM23	none
chr19	10339669	G	A	-1	ICAM3	under
chr19	10289925	A	C	1	ICAM5	none
chr19	10289884	G	T	1	ICAM5	over
chr13	91398689	T	C	1	GPC5	under
chr13	91398639	C	G	1	GPC5	none
chr13	91398698	T	C	1	GPC5	none
chr15	75023686	C	T	1	PPCDC	none
chr15	75023533	C	T	1	PPCDC	none
chr4	15703019	G	C	1	BST1	over
chr1	203475778	A	G	1	PRELP	none
chr8	97869161	G	A	1	MATN2	none
chr6	122789159	G	C	1	SMPDL3A	none
chr1	207454342	C	T	1	CR2	none
chr1	207454234	G	A	1	CR2	none
chr9	136977437	G	A	1	PTGDS	under
chr9	136992375	G	A	1	PAXX	none
chr17	30291934	G	A	-1	BLMH	none
chr4	184649541	C	G	-1	CASP3	none
chr4	184649523	G	A	-1	CASP3	none
chr13	80341055	T	A	-1	SPRY2	under
chr13	80341027	C	G	-1	SPRY2	none
chr1	196977486	C	G	1	CFHR5	under
chr8	42377148	C	T	-1	DKK4	under
chr8	81280475	C	T	1	FABP5	none
chr1	206023948	G	A	-1	CTSE	none
chr1	206023902	C	T	-1	CTSE	none
chr20	25195683	C	T	1	ENTPD6	none
chr3	50303565	T	A	-1	HYAL1	none
chr3	51385326	G	T	1	MANF	under
chr11	33736352	A	T	-1	CD59	none
chr11	33736467	G	A	-1	CD59	none
chr11	33736370	G	T	-1	CD59	none
chr11	33736370	G	C	-1	CD59	none
chr9	38424543	C	T	-1	IGFBPL1	none
chr5	134874386	C	T	1	TXNDC15	under
chr5	134874373	C	T	1	TXNDC15	none
chr5	134874366	C	A	1	TXNDC15	none
chr8	21913630	C	T	-1	DOK2	none
chr13	39038538	C	G	1	NHLRC3	none
chr6	49713587	G	T	-1	CRISP2	over
chr6	49713600	C	T	-1	CRISP2	none
chr16	68645304	G	A	1	CDH3	under
chr16	68645345	G	A	1	CDH3	none
chr5	180591527	T	C	-1	SCGB3A1	under
chr4	76074626	T	C	1	ART3	under
chr16	89171681	C	T	1	CDH15	none
chr19	55488484	G	A	1	SSC5D	under
chr19	55488510	C	A	1	SSC5D	none
chr19	55488353	C	T	1	SSC5D	none
chr19	55488346	C	A	1	SSC5D	none
chr19	55488405	T	G	1	SSC5D	none
chr7	130380482	C	T	1	CPA1	none
chr20	23049590	C	T	-1	THBD	over
chr18	596953	A	G	1	CLUL1	none
chr18	596930	C	T	1	CLUL1	none
chr18	596902	A	G	1	CLUL1	none
chr18	596964	A	G	1	CLUL1	none
chr18	596905	C	T	1	CLUL1	none
chr19	50969607	C	T	-1	KLK6	none
chr19	50969496	G	A	-1	KLK6	under
chr22	38844058	G	A	-1	NPTXR	none
chr22	38844058	G	T	-1	NPTXR	none
chr22	38844084	C	T	-1	NPTXR	none
chr22	38844035	G	A	-1	NPTXR	none
chr22	38844022	C	G	-1	NPTXR	none
chr22	40856637	A	C	-1	ST13	none
chr6	157823313	C	T	1	SNX9	none
chr6	157823341	C	T	1	SNX9	none
chr9	114078390	A	G	-1	AMBP	under
chr9	114078390	A	T	-1	AMBP	under
chr11	130448658	C	G	1	ADAMTS15	none
chr11	130448629	C	T	1	ADAMTS15	under
chr17	1645805	G	A	-1	SCARF1	none
chr11	64234678	A	C	1	VEGFB	none
chr11	64234662	T	G	1	VEGFB	none
chr11	66347675	C	T	-1	B4GAT1	none
chr11	66347715	C	T	-1	B4GAT1	none
chr1	186828945	T	C	1	PLA2G4A	under
chr19	54313196	T	G	-1	LILRA5	none
chr19	54874202	C	T	1	FCAR	under
chr8	133190992	C	T	1	CCN4	under
chr15	41559239	T	G	1	TYRO3	over
chr15	40764105	G	C	1	GCHFR	none
chr15	40764108	C	G	1	GCHFR	none
chr15	40764133	C	G	1	GCHFR	none
chr15	40764054	C	T	1	GCHFR	under
chr1	225428037	C	T	-1	LBR	none
chr1	225428009	A	T	-1	LBR	under
chr5	38846101	G	A	1	OSMR	none
chr17	74623643	G	A	-1	CD300E	under
chr17	74623662	C	A	-1	CD300E	none
chr17	79009852	C	T	-1	CANT1	none
chr16	630908	C	T	1	WFIKKN1	none
chr16	631058	G	A	1	WFIKKN1	none
chr11	102875055	G	A	-1	MMP12	under
chr1	158289855	G	A	1	CD1C	none
chr7	100827515	G	C	-1	EPHB4	none
chr7	100827568	C	T	-1	EPHB4	none
chr7	100827427	T	G	-1	EPHB4	none
chr7	100827533	G	A	-1	EPHB4	none
chr7	100827530	G	A	-1	EPHB4	none
chr6	31655873	G	A	1	APOM	under
chr6	31655945	A	C	1	APOM	none
chr6	31655905	A	G	1	APOM	none
chr3	127629125	A	C	1	PODXL2	none
chr4	3441929	C	T	1	HGFAC	none
chr19	18087020	C	G	-1	IL12RB1	none
chr16	8869097	G	C	-1	CARHSP1	none
chr16	8868938	C	A	-1	CARHSP1	none
chr16	8868936	A	C	-1	CARHSP1	none
chr19	41353992	G	C	-1	TGFB1	none
chr19	41353871	C	G	-1	TGFB1	none
chr19	41353939	G	T	-1	TGFB1	none
chr5	176549351	G	A	1	CDHR2	none
chr5	176549245	C	T	1	CDHR2	none
chr14	73714310	G	C	-1	PNMA1	none
chr14	76761456	C	T	1	VASH1	under
chr14	76761527	G	T	1	VASH1	none
chr14	76761505	A	C	1	VASH1	none
chr14	76761540	G	T	1	VASH1	none
chr19	42879766	A	C	-1	PSG1	none
chr19	42879627	A	T	-1	PSG1	under
chr19	42879780	G	T	-1	PSG1	none
chr19	42879657	C	A	-1	PSG1	none
chr19	43353637	C	A	1	CD177	under
chr19	40775436	G	A	1	MIA	under
chr3	98901624	G	A	-1	DCBLD2	none
chr3	98901728	C	T	-1	DCBLD2	none
chr3	98901761	C	T	-1	DCBLD2	none
chr3	98901745	A	G	-1	DCBLD2	none
chr12	8455908	G	A	1	CLEC6A	under
chr12	8455943	C	G	1	CLEC6A	under
chr12	6914628	C	A	1	ENO2	none
chr22	23768050	C	A	-1	CHCHD10	none
chr7	100373453	A	G	1	PILRA	over
chr12	2795015	C	G	1	FKBP4	none
chr7	143288400	C	T	1	CASP2	none
chr7	143288269	G	A	1	CASP2	none
chr7	143288319	G	A	1	CASP2	none
chr7	143288250	A	C	1	CASP2	none
chr7	143288298	G	A	1	CASP2	none
chr7	143288317	T	G	1	CASP2	none
chr15	64163077	T	G	-1	PPIB	none
chr15	64163085	A	G	-1	PPIB	none
chr15	64163081	G	A	-1	PPIB	under
chr15	64163068	A	C	-1	PPIB	none
chr20	23086363	G	T	-1	CD93	under
chr11	111540632	G	C	1	LAYN	under
chr5	138274621	C	T	-1	GFRA3	none
chr5	138274665	G	A	-1	GFRA3	over
chr11	116823366	C	A	-1	APOA4	none
chr11	116823328	A	G	-1	APOA4	none
chr11	116823399	G	A	-1	APOA4	under
chr1	226408163	T	G	-1	PARP1	none
chr1	226408157	G	C	-1	PARP1	none
chr1	226408082	T	G	-1	PARP1	none
chr1	226408187	C	T	-1	PARP1	over
chr1	227947960	A	C	-1	WNT9A	none
chr1	227947961	T	C	-1	WNT9A	under
chr1	227947961	T	G	-1	WNT9A	none
chr1	227947915	G	A	-1	WNT9A	none
chr1	227947937	C	G	-1	WNT9A	none
chr1	227947962	A	C	-1	WNT9A	none
chr11	57381050	A	G	-1	PRG3	none
chr7	75813875	C	T	-1	CCL24	under
chr11	1853061	C	T	1	LSP1	none
chr11	1853096	C	G	1	LSP1	none
chr11	1853095	A	G	1	LSP1	none
chr11	134069054	G	A	1	JAM3	none
chr7	87934263	C	G	1	ADAM22	none
chr7	87934337	C	G	1	ADAM22	none
chr7	87934214	A	G	1	ADAM22	under
chr7	87934161	C	T	1	ADAM22	none
chr2	37156917	C	T	-1	EIF2AK2	under
chr2	37157012	C	T	-1	EIF2AK2	none
chr2	37157070	C	A	-1	EIF2AK2	none
chr2	37156919	C	T	-1	EIF2AK2	none
chr8	63038819	G	A	-1	GGH	under
chr8	63038886	G	C	-1	GGH	none
chr8	63038820	C	T	-1	GGH	none
chr8	70669202	A	G	-1	LACTB2	none
chr8	70669224	A	C	-1	LACTB2	none
chr2	37344558	G	T	1	QPCT	over
chr19	7702203	C	T	-1	FCER2	none
chr19	7702058	T	C	-1	FCER2	none
chr18	24426617	G	A	1	IMPACT	none
chr18	24426730	C	T	1	IMPACT	none
chr18	24426628	C	G	1	IMPACT	none
chr18	24426667	C	G	1	IMPACT	none
chr4	99816820	A	T	1	DAPP1	none
chr15	55743196	C	T	-1	PRTG	none
chr15	55743127	C	T	-1	PRTG	under
chr15	55743080	C	T	-1	PRTG	none
chr15	55743068	C	G	-1	PRTG	none
chr7	100373432	G	C	1	PILRA	none
chr7	100373553	G	A	1	PILRA	none
chr2	241686814	A	T	-1	DTYMK	none
chr2	241686799	G	C	-1	DTYMK	under
chr16	68645235	G	A	1	CDH3	under
chr16	68645302	C	A	1	CDH3	none
chr16	68645344	C	T	1	CDH3	none
chr16	68645288	G	T	1	CDH3	none
chr16	69762410	G	C	1	WWP2	none
chr22	40856597	G	A	-1	ST13	none
chr22	40856623	G	A	-1	ST13	over
chr22	30607235	C	T	1	TCN2	none
chr22	30607199	A	T	1	TCN2	over
chr22	30607088	C	T	1	TCN2	none
chr16	55509101	G	A	1	LPCAT2	none
chr16	55509006	G	C	1	LPCAT2	none
chr16	630990	G	C	1	WFIKKN1	none
chr16	631071	C	T	1	WFIKKN1	none
chr16	2720304	G	A	-1	PRSS27	under
chr11	57567702	A	C	-1	UBE2L6	none
chr11	57567636	G	A	-1	UBE2L6	under
chr11	57567624	T	G	-1	UBE2L6	none
chr6	31655876	C	T	1	APOM	none
chr6	31655830	C	A	1	APOM	under
chr18	50968073	C	T	1	ELAC1	none
chr18	50968085	T	C	1	ELAC1	under
chr5	55851267	A	T	1	IL31RA	none
chr5	55851339	A	G	1	IL31RA	under
chr5	55851427	A	G	1	IL31RA	none
chr4	80266760	C	T	1	FGF5	none
chr4	80266758	C	T	1	FGF5	under
chr8	10054238	G	A	1	MSRA	none
chr8	10054285	A	T	1	MSRA	none
chr17	79009761	G	A	-1	CANT1	none
chr17	79009838	C	A	-1	CANT1	none
chr17	79009787	C	A	-1	CANT1	none
chr13	113105812	A	C	1	F7	under
chr9	38424447	G	A	-1	IGFBPL1	none
chr9	38424553	C	T	-1	IGFBPL1	none
chr9	38424446	G	T	-1	IGFBPL1	none
chr9	38424514	T	C	-1	IGFBPL1	under
chr9	38424529	C	A	-1	IGFBPL1	none
chr11	102875026	C	T	-1	MMP12	none
chr12	93677462	T	G	1	CRADD	over
chr12	93677320	T	G	1	CRADD	under
chr1	158289927	C	T	1	CD1C	under
chr1	158289877	G	A	1	CD1C	over
chr1	156642045	G	A	1	BCAN	none
chr1	156642208	C	G	1	BCAN	over
chr13	91398548	T	A	1	GPC5	none
chr11	57597709	A	T	1	SERPING1	none
chr11	57597646	C	G	1	SERPING1	none
chr7	100827564	G	T	-1	EPHB4	none
chr7	100827586	C	G	-1	EPHB4	none
chr7	100827620	G	A	-1	EPHB4	none
chr7	100827501	A	C	-1	EPHB4	none
chr7	100827493	G	A	-1	EPHB4	none
chr9	114078388	C	T	-1	AMBP	under
chr9	114078392	C	T	-1	AMBP	under
chr9	114078387	C	G	-1	AMBP	under
chr7	74209954	G	A	1	LAT2	under
chr7	74210067	G	T	1	LAT2	none
chr7	74210067	G	A	1	LAT2	none
chr7	74210064	G	A	1	LAT2	none
chr7	74209996	C	G	1	LAT2	none
chr8	97869014	G	C	1	MATN2	none
chr8	97869132	C	T	1	MATN2	under
chr1	225427991	G	T	-1	LBR	none
chr1	225428125	C	T	-1	LBR	none
chr1	225428047	G	A	-1	LBR	none
chr1	225427976	C	G	-1	LBR	none
chr1	225428077	G	C	-1	LBR	none
chr8	42377214	C	T	-1	DKK4	none
chr8	42377318	A	G	-1	DKK4	none
chr8	42377152	G	A	-1	DKK4	none
chr6	160664317	T	A	-1	LPA	under
chr11	625052	C	T	-1	CDHR5	under
chr5	38845935	G	A	1	OSMR	under
chr5	38846056	C	T	1	OSMR	none
chr5	38846079	C	A	1	OSMR	none
chr6	157823274	C	T	1	SNX9	none
chr6	157823279	G	A	1	SNX9	none
chr4	78551691	G	C	1	ANXA3	none
chr17	74623819	G	C	-1	CD300E	none
chr19	6670089	G	A	-1	TNFSF14	none
chr10	123891839	C	A	-1	CPXM2	none
chr10	123891904	T	G	-1	CPXM2	none
chr4	3441913	G	A	1	HGFAC	none
chr4	3441901	G	A	1	HGFAC	none
chr4	3441968	G	A	1	HGFAC	under
chr19	18086873	C	T	-1	IL12RB1	none
chr19	18086905	C	T	-1	IL12RB1	none
chr11	75562206	G	T	1	SERPINH1	none
chr11	75562299	C	A	1	SERPINH1	none
chr11	75562330	G	A	1	SERPINH1	none
chr11	75562256	A	T	1	SERPINH1	none
chr6	132714097	G	A	-1	VNN1	under
chr16	8868995	T	A	-1	CARHSP1	under
chr16	8868932	G	A	-1	CARHSP1	none
chr16	8868907	G	A	-1	CARHSP1	none
chr16	8868930	G	C	-1	CARHSP1	none
chr2	162243382	G	T	-1	FAP	none
chr2	162243464	C	T	-1	FAP	none
chr2	162243527	G	T	-1	FAP	over
chr19	46023033	G	T	-1	PGLYRP1	none
chr19	46023032	C	T	-1	PGLYRP1	none
chr19	41354021	T	G	-1	TGFB1	none
chr19	41353859	G	A	-1	TGFB1	none
chr19	41353983	A	C	-1	TGFB1	none
chr19	41353909	A	C	-1	TGFB1	none
chr19	41353846	C	A	-1	TGFB1	none
chr19	41353916	C	A	-1	TGFB1	none
chr19	41354010	G	C	-1	TGFB1	none
chr19	41353874	G	A	-1	TGFB1	none
chr19	41353962	C	T	-1	TGFB1	none
chr19	41353832	C	A	-1	TGFB1	over
chr19	38899600	C	G	-1	SIRT2	none
chr19	38899568	C	A	-1	SIRT2	none
chr19	42879767	G	A	-1	PSG1	none
chr19	42879765	A	C	-1	PSG1	none
chr19	42879725	C	T	-1	PSG1	over
chr19	42879726	A	G	-1	PSG1	over
chr16	89171810	C	T	1	CDH15	none
chr16	89171790	G	C	1	CDH15	over
chr16	89171648	C	T	1	CDH15	none
chr19	55488391	C	A	1	SSC5D	none
chr19	55488345	C	A	1	SSC5D	none
chr19	55488398	C	A	1	SSC5D	none
chr19	55488411	G	T	1	SSC5D	over
chr19	55488368	A	G	1	SSC5D	none
chr17	7630060	T	C	1	SHBG	under
chr17	7548960	G	A	1	TNFSF12	none
chr18	596938	C	T	1	CLUL1	none
chr18	596926	A	G	1	CLUL1	none
chr18	596888	C	G	1	CLUL1	none
chr19	50969529	G	C	-1	KLK6	none
chr19	50969609	C	T	-1	KLK6	none
chr19	50969633	C	T	-1	KLK6	none
chr19	51019800	T	G	-1	KLK10	none
chr19	32581213	C	G	1	PDCD5	none
chr19	32581116	C	T	1	PDCD5	none
chr22	38843987	C	G	-1	NPTXR	none
chr22	38844118	G	C	-1	NPTXR	none
chr22	38844002	C	G	-1	NPTXR	none
chr22	38844097	C	T	-1	NPTXR	under
chr22	38843928	G	A	-1	NPTXR	none
chr20	25195715	G	A	1	ENTPD6	under
chr20	25195671	G	A	1	ENTPD6	none
chr19	54100896	C	T	-1	OSCAR	under
chr4	184649404	C	G	-1	CASP3	none
chr4	184649365	G	A	-1	CASP3	none
chr4	184649526	G	A	-1	CASP3	none
chr4	184649514	G	A	-1	CASP3	none
chr15	40307898	C	T	-1	PLCB2	under
chr11	72216802	T	C	1	FOLR2	none
chr11	72216799	G	A	1	FOLR2	under
chr14	94323302	G	A	-1	SERPINA6	none
chr14	94323357	C	T	-1	SERPINA6	none
chr19	54816410	C	T	1	KIR3DL1	none
chr19	54816423	T	C	1	KIR3DL1	none
chr19	54816472	C	T	1	KIR3DL1	none
chr9	5450491	G	A	1	CD274	under
chr1	196943637	C	T	1	CFHR2	none
chr1	196943762	G	A	1	CFHR2	none
chr1	196943832	C	A	1	CFHR2	none
chr16	2858219	G	A	-1	PRSS22	under
chr16	2858255	C	T	-1	PRSS22	none
chr2	36355761	G	A	1	CRIM1	none
chr2	36355710	G	C	1	CRIM1	none
chr2	36355713	T	G	1	CRIM1	none
chr2	36355743	C	T	1	CRIM1	none
chr2	36355806	C	T	1	CRIM1	none
chr17	1645755	C	T	-1	SCARF1	under
chr17	1645814	C	G	-1	SCARF1	none
chr3	51385266	C	T	1	MANF	none
chr3	51385220	G	C	1	MANF	none
chr20	63696622	A	G	1	TNFRSF6B	none
chr20	63696588	G	A	1	TNFRSF6B	under
chr6	41201196	A	G	-1	TREML2	none
chr6	41201160	G	A	-1	TREML2	none
chr12	9607962	C	G	-1	KLRB1	under
chr12	53097676	G	T	1	IGFBP6	none
chr12	53097621	C	A	1	IGFBP6	under
chr4	17512093	C	T	-1	QDPR	none
chr4	17512150	G	A	-1	QDPR	none
chr4	17512076	C	T	-1	QDPR	over
chr1	207454291	C	T	1	CR2	none
chr3	119559682	G	A	-1	CD80	under
chr11	64234679	G	C	1	VEGFB	over
chr11	64234483	C	T	1	VEGFB	none
chr11	64234530	T	C	1	VEGFB	none
chr11	64234599	G	A	1	VEGFB	none
chr11	64234667	T	G	1	VEGFB	none
chr11	66347674	G	A	-1	B4GAT1	none
chr11	65027416	C	G	1	SNX15	under
chr1	186828944	C	T	1	PLA2G4A	none
chr19	10339675	C	T	-1	ICAM3	under
chr20	45912254	G	C	-1	PLTP	under
chr20	45912205	C	T	-1	PLTP	under
chr8	81280566	T	A	1	FABP5	none
chr8	81280561	A	C	1	FABP5	none
chr8	81280553	C	G	1	FABP5	none
chr1	206023858	G	A	-1	CTSE	none
chr1	206023929	C	T	-1	CTSE	over
chr1	203186775	T	C	-1	CHI3L1	under
chr1	203186742	A	T	-1	CHI3L1	none
chr19	40775435	C	T	1	MIA	under
chr10	52314306	A	T	1	DKK1	under
chr12	2794894	T	C	1	FKBP4	under
chr12	55728912	C	T	-1	CD63	none
chr12	55728994	G	C	-1	CD63	none
chr19	13906217	A	C	1	CC2D1A	none
chr15	75023615	C	G	1	PPCDC	over
chr15	75023645	C	T	1	PPCDC	none
chr4	15963141	G	A	-1	FGFBP2	none
chr4	15963236	G	T	-1	FGFBP2	under
chr1	203475755	C	A	1	PRELP	none
chr1	203475771	C	G	1	PRELP	under
chr1	203475780	A	C	1	PRELP	none
chr1	203475757	C	A	1	PRELP	none
chr6	122789210	C	A	1	SMPDL3A	none
chr20	63865311	G	T	1	TPD52L2	none
chr9	136992423	G	T	1	PAXX	none
chr1	85465122	C	T	-1	DDAH1	none
chr1	85465211	A	G	-1	DDAH1	under
chr13	80341030	G	A	-1	SPRY2	none
chr13	80341178	A	G	-1	SPRY2	none
chr5	140633144	G	A	-1	CD14	none
chr12	56362851	G	A	-1	APOF	none
chr12	56362908	C	T	-1	APOF	none
chr9	136977414	C	G	1	PTGDS	none
chr4	73988273	G	A	-1	PPBP	under
chr4	73988225	T	C	-1	PPBP	none
chr4	73998736	A	G	-1	CXCL5	none
chr14	76761398	G	T	1	VASH1	none
chr14	76761481	G	A	1	VASH1	none
chr14	73714465	C	T	-1	PNMA1	none
chr14	73714326	G	A	-1	PNMA1	none
chr14	73714323	C	T	-1	PNMA1	none
chr7	130380418	G	A	1	CPA1	none
chr12	6914631	C	T	1	ENO2	over
chr12	6914627	G	A	1	ENO2	none
chr12	8455886	G	T	1	CLEC6A	none
chr2	231395704	C	A	1	B3GNT7	under
chr2	231395735	C	T	1	B3GNT7	none
chr12	6772576	C	T	1	LAG3	none
chr12	6772476	A	C	1	LAG3	none
chr12	6772526	C	T	1	LAG3	none
chr19	49363790	C	T	1	DKKL1	over
chr1	161631181	T	A	-1	FCGR3B	none
chr1	160862814	T	A	-1	CD244	under
chr6	46735409	C	T	-1	PLA2G7	none
chr4	73436139	T	C	1	AFP	under
chr4	73481735	C	G	1	AFM	none
chr4	73481670	A	G	1	AFM	none
chr3	50303512	G	T	-1	HYAL1	none
chr3	50303664	A	T	-1	HYAL1	none
chr5	180591530	C	A	-1	SCGB3A1	none
chr5	180591578	C	T	-1	SCGB3A1	none
chr5	134874331	G	T	1	TXNDC15	none
chr5	134874280	A	G	1	TXNDC15	none
chr5	134874380	G	T	1	TXNDC15	none
chr13	39038532	G	C	1	NHLRC3	none
chr4	76074621	A	G	1	ART3	under
chr8	85438773	C	T	1	CA3	over
chr3	98901706	C	G	-1	DCBLD2	none
chr3	98901675	G	A	-1	DCBLD2	none
chr3	98901675	G	C	-1	DCBLD2	none
chr3	98901653	C	T	-1	DCBLD2	none
chr3	98901632	C	T	-1	DCBLD2	none
chr3	98901689	C	A	-1	DCBLD2	none
chr3	98901602	G	A	-1	DCBLD2	none
chr1	22636661	G	A	1	C1QA	over
chr11	33736483	C	T	-1	CD59	none
chr11	33736510	T	G	-1	CD59	none
chr11	33736412	C	G	-1	CD59	under
chr11	33736433	C	T	-1	CD59	none
chr11	33736427	C	A	-1	CD59	none
chr11	130448559	T	G	1	ADAMTS15	none
chr19	42879796	C	T	-1	PSG1	none
chr3	98901618	C	T	-1	DCBLD2	none
chr3	98901779	C	T	-1	DCBLD2	none
chr22	30607218	C	T	1	TCN2	under
chr22	30607080	C	G	1	TCN2	none
chr22	30607210	A	C	1	TCN2	under
chr22	30607140	C	T	1	TCN2	none
chr22	30607140	C	G	1	TCN2	none
chr14	73714384	T	C	-1	PNMA1	none
chr19	54100807	C	G	-1	OSCAR	over
chr2	37157018	G	C	-1	EIF2AK2	none
chr2	37156885	C	T	-1	EIF2AK2	none
chr2	37156942	C	G	-1	EIF2AK2	under
chr7	144836110	G	A	-1	TPK1	none
chr7	144835986	A	G	-1	TPK1	none
chr11	9664074	G	T	1	SWAP70	under
chr16	55509027	G	T	1	LPCAT2	none
chr16	55509117	C	T	1	LPCAT2	none
chr16	630992	G	A	1	WFIKKN1	over
chr16	2720210	C	A	-1	PRSS27	none
chr6	31655877	G	A	1	APOM	none
chr4	80266579	C	T	1	FGF5	none
chr8	10054222	A	C	1	MSRA	none
chr8	10054227	A	G	1	MSRA	none
chr8	10054342	G	A	1	MSRA	none
chr8	10054342	G	C	1	MSRA	none
chr8	10054274	C	G	1	MSRA	none
chr8	10054348	C	T	1	MSRA	under
chr17	79009682	C	T	-1	CANT1	under
chr9	34710186	C	G	-1	CCL21	under
chr16	69762231	C	A	1	WWP2	none
chr4	184649429	T	C	-1	CASP3	none
chr4	184649461	G	A	-1	CASP3	none
chr4	184649456	G	C	-1	CASP3	none
chr15	40307914	G	A	-1	PLCB2	none
chr18	596929	C	T	1	CLUL1	none
chr19	55488355	C	T	1	SSC5D	none
chr19	55488355	C	G	1	SSC5D	none
chr20	63865331	A	G	1	TPD52L2	under
chr20	63865284	G	C	1	TPD52L2	none
chr16	8868920	C	T	-1	CARHSP1	none
chr16	8868954	A	C	-1	CARHSP1	none
chr16	8869051	G	A	-1	CARHSP1	none
chr6	46735397	G	A	-1	PLA2G7	none
chr1	85465119	C	T	-1	DDAH1	none
chr1	85465114	T	G	-1	DDAH1	none
chr4	186069058	C	T	1	TLR3	none
chr7	95396445	G	T	-1	PON3	none
chr7	95396445	G	C	-1	PON3	none
chr4	155953894	C	A	-1	CTSO	under
chr2	231395770	C	T	1	B3GNT7	none
chr4	73481687	C	T	1	AFM	under
chr4	73481728	T	C	1	AFM	none
chr4	73998663	G	A	-1	CXCL5	none
chr4	73998764	T	G	-1	CXCL5	none
chr20	45912231	C	T	-1	PLTP	none
chr20	45912160	A	C	-1	PLTP	none
chr3	50303516	G	T	-1	HYAL1	under
chr5	134874363	C	G	1	TXNDC15	under
chr5	134874384	C	T	1	TXNDC15	none
chr13	39038494	C	T	1	NHLRC3	none
chr13	39038365	G	A	1	NHLRC3	none
chr5	140633171	C	T	-1	CD14	under
chr1	156642027	C	G	1	BCAN	none
chr7	150514841	G	C	1	GIMAP7	none
chr6	41201212	C	A	-1	TREML2	under
chr9	136992400	G	A	1	PAXX	none
chr17	30291980	G	A	-1	BLMH	none
chr17	30291960	G	A	-1	BLMH	none
chr13	80341080	C	T	-1	SPRY2	none
chr13	80341078	C	T	-1	SPRY2	none
chr1	203186668	C	T	-1	CHI3L1	none
chr19	32581189	C	A	1	PDCD5	under
chr10	52314222	C	T	1	DKK1	none
chr10	52314241	G	C	1	DKK1	none
chr10	123891723	C	A	-1	CPXM2	none
chr10	123891826	G	T	-1	CPXM2	none
chr5	176549329	A	G	1	CDHR2	over
chr5	176549401	C	T	1	CDHR2	none
chr11	134069066	C	G	1	JAM3	none
chr19	38899589	G	A	-1	SIRT2	under
chr15	55743151	G	C	-1	PRTG	under
chr15	55743071	G	A	-1	PRTG	none
chr15	55743238	G	C	-1	PRTG	none
chr15	55743238	G	A	-1	PRTG	none
chr4	44726597	A	G	-1	GNPDA2	under
chr20	23049621	C	T	-1	THBD	none
chr17	7549066	G	A	1	TNFSF12	none
chr6	160664293	C	G	-1	LPA	none
chr11	625045	C	T	-1	CDHR5	under
chr5	38845960	T	G	1	OSMR	none
chr6	157823299	G	A	1	SNX9	none
chr19	6670200	C	G	-1	TNFSF14	none
chr19	6670182	G	A	-1	TNFSF14	under
chr14	24146656	C	T	-1	PSME2	under
chr11	72216800	C	T	1	FOLR2	none
chr8	133190971	A	G	1	CCN4	none
chr15	40763996	C	T	1	GCHFR	none
chr12	7747418	A	G	-1	CLEC4C	over
chr19	50969495	C	T	-1	KLK6	none
chr19	50969656	A	T	-1	KLK6	under
chr22	38843951	A	C	-1	NPTXR	none
chr20	63696691	G	A	1	TNFRSF6B	none
chr20	63696670	C	T	1	TNFRSF6B	none
chr20	63696624	A	G	1	TNFRSF6B	none
chr4	15703098	G	A	1	BST1	none
chr2	85577626	C	T	1	VAMP8	none
chr2	36355839	C	G	1	CRIM1	none
chr2	36355684	G	C	1	CRIM1	none
chr2	36355696	T	G	1	CRIM1	none
chr2	36355711	G	A	1	CRIM1	none
chr4	3441956	C	T	1	HGFAC	none
chr8	97869131	G	A	1	MATN2	under
chr9	5450621	G	A	1	CD274	none
chr1	22636544	T	G	1	C1QA	none
chr19	7669136	C	T	1	RETN	none
chr19	13906246	G	A	1	CC2D1A	over
chr1	203475721	T	A	1	PRELP	none
chr1	203475767	T	G	1	PRELP	none
chr6	122789262	T	G	1	SMPDL3A	none
chr9	114078230	T	C	-1	AMBP	none
chr9	114078383	A	G	-1	AMBP	none
chr4	17512165	C	G	-1	QDPR	none
chr19	18086889	C	T	-1	IL12RB1	none
chr19	18086998	A	T	-1	IL12RB1	under
chr14	94323306	C	A	-1	SERPINA6	under
chr11	75562340	G	A	1	SERPINH1	none
chr14	92748626	T	C	-1	LGMN	over
chr2	37344700	C	G	1	QPCT	none
chr3	127629204	C	T	1	PODXL2	none
chr3	127629126	T	G	1	PODXL2	none
chr3	127629087	C	T	1	PODXL2	over
chr2	162243442	G	A	-1	FAP	none
chr2	162243479	C	T	-1	FAP	none
chr19	46023082	A	G	-1	PGLYRP1	under
chr11	57381057	G	A	-1	PRG3	none
chr11	57381117	C	T	-1	PRG3	none
chr7	74209989	C	T	1	LAT2	none
chr7	143288257	C	A	1	CASP2	none
chr7	143288416	T	C	1	CASP2	none
chr15	64163097	C	T	-1	PPIB	none
chr11	116823206	T	A	-1	APOA4	none
chr1	227947975	C	T	-1	WNT9A	none
chr7	75813876	G	A	-1	CCL24	over
chr8	70669156	T	C	-1	LACTB2	over
chr12	2794889	C	T	1	FKBP4	none
chr12	2795009	C	T	1	FKBP4	none
chr12	2795032	G	C	1	FKBP4	none
chr4	99816764	G	T	1	DAPP1	under
chr1	158289859	A	G	1	CD1C	none
chr1	225427981	A	G	-1	LBR	none
chr1	225427940	G	C	-1	LBR	none
chr1	226408092	C	T	-1	PARP1	none
chr1	226408109	G	A	-1	PARP1	none
chr12	56362857	T	C	-1	APOF	over
chr12	56362815	G	A	-1	APOF	under
chr1	207454285	C	T	1	CR2	none
chr4	76074615	C	G	1	ART3	none
chr4	76074644	G	A	1	ART3	none
chr11	64234601	T	G	1	VEGFB	none
chr12	8455982	C	T	1	CLEC6A	none
chr12	8455924	T	C	1	CLEC6A	none
chr13	91398608	A	T	1	GPC5	none
chr13	91398647	G	A	1	GPC5	none
chr13	91398569	G	T	1	GPC5	none
chr4	15703040	T	C	1	BST1	none
chr4	15703125	G	A	1	BST1	none
chr7	95396397	G	A	-1	PON3	over
chr11	9664024	G	C	1	SWAP70	none
chr6	122789269	C	G	1	SMPDL3A	under
chr1	196977603	A	G	1	CFHR5	none
chr1	196977511	C	A	1	CFHR5	under
chr1	207454388	C	T	1	CR2	under
chr7	87934316	A	C	1	ADAM22	none
chr7	87934231	A	C	1	ADAM22	none
chr7	87934192	A	C	1	ADAM22	none
chr11	111540665	G	T	1	LAYN	under
chr14	92748614	G	A	-1	LGMN	none
chr16	68645315	G	A	1	CDH3	none
chr1	227948010	A	G	-1	WNT9A	none
chr1	227947959	T	G	-1	WNT9A	none
chr1	227947939	C	G	-1	WNT9A	none
chr22	40856614	G	A	-1	ST13	none
chr22	40856712	C	G	-1	ST13	none
chr22	40856605	G	T	-1	ST13	none
chr16	55509031	G	A	1	LPCAT2	over
chr16	55509144	G	A	1	LPCAT2	none
chr4	78551705	G	C	1	ANXA3	over
chr4	78551735	A	G	1	ANXA3	none
chr2	36355768	G	A	1	CRIM1	over
chr2	36355731	G	C	1	CRIM1	none
chr2	36355762	C	G	1	CRIM1	none
chr2	37157028	C	G	-1	EIF2AK2	none
chr11	72216760	T	C	1	FOLR2	none
chr3	51385306	G	A	1	MANF	none
chr3	51385272	G	T	1	MANF	none
chr13	113105730	G	A	1	F7	none
chr6	132714147	G	A	-1	VNN1	none
chr6	41201069	A	G	-1	TREML2	none
chr7	143288330	C	G	1	CASP2	none
chr7	143288407	T	C	1	CASP2	none
chr7	143288348	G	A	1	CASP2	none
chr7	143288284	C	T	1	CASP2	none
chr7	143288277	T	A	1	CASP2	none
chr7	143288434	G	T	1	CASP2	none
chr4	80266748	G	A	1	FGF5	none
chr17	79009847	G	T	-1	CANT1	none
chr17	79009807	C	T	-1	CANT1	none
chr17	79009817	T	C	-1	CANT1	none
chr9	34710163	T	C	-1	CCL21	under
chr11	102875069	A	T	-1	MMP12	none
chr1	156642078	A	C	1	BCAN	none
chr1	158289837	T	A	1	CD1C	none
chr11	57597767	T	C	1	SERPING1	none
chr11	57597584	A	G	1	SERPING1	under
chr11	57597743	G	T	1	SERPING1	none
chr5	157109126	C	T	-1	HAVCR2	under
chr15	55743069	G	A	-1	PRTG	none
chr7	100827585	A	C	-1	EPHB4	none
chr7	100827491	C	G	-1	EPHB4	over
chr8	133191118	C	T	1	CCN4	none
chr9	5450453	C	T	1	CD274	none
chr9	5450620	G	T	1	CD274	none
chr9	5450536	G	A	1	CD274	none
chr1	226408124	C	T	-1	PARP1	none
chr1	226408112	C	A	-1	PARP1	none
chr1	225428017	G	A	-1	LBR	none
chr1	225427974	G	A	-1	LBR	none
chr6	160664291	C	T	-1	LPA	none
chr6	157823248	G	A	1	SNX9	over
chr6	157823237	G	C	1	SNX9	none
chr10	123891889	C	A	-1	CPXM2	none
chr10	123891802	G	A	-1	CPXM2	under
chr10	123891712	C	T	-1	CPXM2	none
chr19	4540082	G	T	-1	LRG1	over
chr19	54874195	C	T	1	FCAR	under
chr19	54816382	G	A	1	KIR3DL1	none
chr19	54816373	A	T	1	KIR3DL1	none
chr11	75562276	C	G	1	SERPINH1	none
chr16	8869020	T	A	-1	CARHSP1	none
chr11	134069024	C	T	1	JAM3	under
chr2	206443534	C	T	1	ADAM23	over
chr2	206443506	C	T	1	ADAM23	none
chr11	57381195	A	G	-1	PRG3	under
chr11	57381126	T	G	-1	PRG3	none
chr19	41353978	A	C	-1	TGFB1	none
chr19	41354020	A	C	-1	TGFB1	none
chr11	1853007	A	T	1	LSP1	over
chr19	38899697	C	G	-1	SIRT2	none
chr15	40307984	G	A	-1	PLCB2	none
chr15	40308026	G	A	-1	PLCB2	under
chr4	44726463	G	T	-1	GNPDA2	none
chr4	44726636	C	A	-1	GNPDA2	under
chr19	55488399	C	A	1	SSC5D	none
chr19	55488404	G	A	1	SSC5D	none
chr20	23086349	C	G	-1	CD93	over
chr20	23049686	G	A	-1	THBD	none
chr20	23049633	T	C	-1	THBD	none
chr17	7549118	G	C	1	TNFSF12	over
chr17	7630143	T	C	1	SHBG	none
chr18	596925	C	A	1	CLUL1	none
chr18	596956	C	T	1	CLUL1	none
chr19	50969576	C	T	-1	KLK6	none
chr19	50969560	G	A	-1	KLK6	none
chr19	50969557	G	A	-1	KLK6	none
chr19	51019776	C	T	-1	KLK10	over
chr22	38844014	T	G	-1	NPTXR	none
chr20	25195692	T	G	1	ENTPD6	none
chr12	6772551	C	T	1	LAG3	under
chr2	231395612	T	C	1	B3GNT7	none
chr12	7109274	G	A	-1	C1RL	none
chr4	73988253	G	C	-1	PPBP	none
chr4	73998691	C	T	-1	CXCL5	none
chr19	13906135	A	C	1	CC2D1A	none
chr19	42879712	T	C	-1	PSG1	over
chr19	42879708	A	C	-1	PSG1	none
chr19	42879636	C	G	-1	PSG1	none
chr19	42879715	A	G	-1	PSG1	over
chr1	161631263	C	G	-1	FCGR3B	under
chr18	24426685	C	A	1	IMPACT	none
chr11	65027395	C	A	1	SNX15	none
chr11	65027397	C	T	1	SNX15	none
chr15	64163084	G	T	-1	PPIB	none
chr16	2858138	G	A	-1	PRSS22	none
chr22	23768061	C	T	-1	CHCHD10	over
chr4	184649483	C	A	-1	CASP3	none
chr4	184649493	G	A	-1	CASP3	none
chr4	184649357	G	A	-1	CASP3	over
chr20	63865179	A	G	1	TPD52L2	none
chr20	63865265	G	A	1	TPD52L2	none
chr11	64234485	C	A	1	VEGFB	none
chr11	66347718	C	T	-1	B4GAT1	under
chr1	186829003	G	A	1	PLA2G4A	none
chr19	54313082	A	G	-1	LILRA5	none
chr19	54313189	T	G	-1	LILRA5	under
chr19	54313160	G	T	-1	LILRA5	under
chr19	54313229	T	C	-1	LILRA5	under
chr4	155953859	G	T	-1	CTSO	none
chr11	33736496	T	G	-1	CD59	none
chr11	33736334	C	T	-1	CD59	none
chr11	33736509	C	T	-1	CD59	under
chr11	130448558	C	G	1	ADAMTS15	none
chr11	130448638	G	C	1	ADAMTS15	none
chr3	98901696	G	T	-1	DCBLD2	none
chr3	98901695	C	G	-1	DCBLD2	none
chr14	73714376	G	A	-1	PNMA1	under
chr14	76761471	G	A	1	VASH1	none
chr14	76761414	G	A	1	VASH1	none
chr12	55728998	C	G	-1	CD63	under
chr12	55729057	G	A	-1	CD63	none
chr19	7669045	C	G	1	RETN	under
chr19	7669143	G	A	1	RETN	none
chr2	85577567	A	G	1	VAMP8	under
chr8	21913768	G	A	-1	DOK2	under
chr13	39038534	G	A	1	NHLRC3	none
chr5	140633166	T	G	-1	CD14	none
chr5	140633102	C	T	-1	CD14	none
chr6	46735374	G	T	-1	PLA2G7	none
chr6	46735411	A	T	-1	PLA2G7	none
chr4	76074608	G	T	1	ART3	none
chr9	136992348	G	C	1	PAXX	under
chr17	30292017	G	A	-1	BLMH	under
chr17	30292017	G	C	-1	BLMH	under
chr8	42377215	G	A	-1	DKK4	over
chr8	42377268	G	A	-1	DKK4	over
chr8	42377191	A	T	-1	DKK4	none
chr5	138274698	T	C	-1	GFRA3	none
chr8	70669137	C	T	-1	LACTB2	none
chr4	73436194	T	C	1	AFP	none
chr8	81280484	G	A	1	FABP5	none
chr8	81280477	G	A	1	FABP5	none
chr8	81280577	C	T	1	FABP5	none
chr3	50303632	G	A	-1	HYAL1	none
chr5	134874352	C	T	1	TXNDC15	none
chr12	2794938	G	A	1	FKBP4	none
chr12	2795042	C	T	1	FKBP4	none
chr12	2794893	G	A	1	FKBP4	under
chr1	206023951	A	C	-1	CTSE	none
chr10	52314302	A	G	1	DKK1	none
chr1	161631252	A	G	-1	FCGR3B	under
chr18	24426674	A	T	1	IMPACT	over
chr4	140427676	C	T	-1	CLGN	none
chr4	140427667	G	C	-1	CLGN	over
chr15	55743176	G	T	-1	PRTG	none
chr15	55743168	G	A	-1	PRTG	none
chr16	68645282	C	T	1	CDH3	none
chr16	69762375	T	G	1	WWP2	none
chr16	69762425	T	G	1	WWP2	none
chr6	149941950	A	G	1	ULBP2	under
chr1	227947988	C	G	-1	WNT9A	none
chr22	40856619	G	A	-1	ST13	none
chr22	40856565	G	T	-1	ST13	none
chr22	40856663	G	A	-1	ST13	none
chr16	55508991	T	C	1	LPCAT2	none
chr16	2720239	A	G	-1	PRSS27	over
chr5	55851417	C	T	1	IL31RA	none
chr5	55851277	A	G	1	IL31RA	none
chr8	10054358	G	C	1	MSRA	none
chr4	80266621	G	C	1	FGF5	none
chr4	80266605	G	A	1	FGF5	none
chr8	63038812	G	A	-1	GGH	over
chr12	93677287	C	T	1	CRADD	none
chr1	158289933	A	C	1	CD1C	none
chr1	158289928	T	G	1	CD1C	under
chr5	157109042	A	G	-1	HAVCR2	none
chr7	87934164	G	A	1	ADAM22	none
chr7	100827516	C	T	-1	EPHB4	none
chr7	100827601	A	C	-1	EPHB4	none
chr7	100827528	C	G	-1	EPHB4	over
chr15	64163108	G	C	-1	PPIB	none
chr15	64163092	T	G	-1	PPIB	none
chr1	155051290	G	C	1	ADAM15	none
chr1	155051289	C	T	1	ADAM15	under
chr8	133191115	G	A	1	CCN4	none
chr9	114078378	A	T	-1	AMBP	under
chr1	196943661	C	G	1	CFHR2	none
chr1	196943727	C	T	1	CFHR2	under
chr7	74209990	G	A	1	LAT2	under
chr7	74210072	G	A	1	LAT2	none
chr1	225427980	G	A	-1	LBR	none
chr1	226408012	T	C	-1	PARP1	none
chr1	226408174	G	C	-1	PARP1	none
chr8	42377281	G	A	-1	DKK4	none
chr5	38846085	G	T	1	OSMR	none
chr6	157823167	C	G	1	SNX9	none
chr4	78551747	G	C	1	ANXA3	none
chr19	6670238	C	T	-1	TNFSF14	under
chr10	123891788	G	A	-1	CPXM2	under
chr3	127629149	G	A	1	PODXL2	none
chr19	54816452	G	A	1	KIR3DL1	over
chr19	54816443	A	G	1	KIR3DL1	none
chr11	75562272	G	A	1	SERPINH1	none
chr11	75562281	G	A	1	SERPINH1	none
chr11	75562159	C	T	1	SERPINH1	under
chr6	132714146	C	T	-1	VNN1	none
chr2	37344709	C	G	1	QPCT	none
chr16	1771586	G	C	-1	NME3	under
chr16	8869049	G	C	-1	CARHSP1	none
chr16	2858256	G	A	-1	PRSS22	none
chr19	46023151	C	T	-1	PGLYRP1	none
chr11	134069060	G	A	1	JAM3	none
chr2	206443516	C	T	1	ADAM23	none
chr11	57381131	C	T	-1	PRG3	none
chr19	41354009	A	C	-1	TGFB1	none
chr19	41353855	C	A	-1	TGFB1	none
chr11	1853111	T	A	1	LSP1	none
chr11	1853017	G	A	1	LSP1	none
chr19	38899566	C	G	-1	SIRT2	none
chr4	44726613	G	T	-1	GNPDA2	none
chr19	42879647	C	T	-1	PSG1	none
chr16	89171812	C	G	1	CDH15	none
chr19	55488386	C	A	1	SSC5D	none
chr19	55488396	C	A	1	SSC5D	none
chr7	130380467	T	C	1	CPA1	under
chr17	7549051	C	T	1	TNFSF12	none
chr17	7548957	T	C	1	TNFSF12	none
chr18	596949	C	A	1	CLUL1	over
chr19	50969516	C	T	-1	KLK6	none
chr19	51019701	C	T	-1	KLK10	none
chr22	38843993	T	C	-1	NPTXR	none
chr22	38844054	A	C	-1	NPTXR	none
chr20	25195681	C	T	1	ENTPD6	none
chr20	25195621	A	T	1	ENTPD6	none
chr10	70888607	G	C	-1	PCBD1	under
chr20	63865294	G	A	1	TPD52L2	none
chr20	63865281	C	G	1	TPD52L2	none
chr4	184649415	T	C	-1	CASP3	none
chr2	85577523	C	G	1	VAMP8	none
chr2	36355682	G	A	1	CRIM1	none
chr2	36355809	A	G	1	CRIM1	none
chr18	50967982	G	A	1	ELAC1	none
chr20	63696732	G	A	1	TNFRSF6B	none
chr7	143288399	C	T	1	CASP2	under
chr5	138274567	G	A	-1	GFRA3	none
chr11	116823357	C	T	-1	APOA4	none
chr8	70669279	G	A	-1	LACTB2	none
chr8	70669169	G	T	-1	LACTB2	none
chr19	10289974	C	A	1	ICAM5	none
chr19	7669142	C	T	1	RETN	none
chr19	7702035	C	A	-1	FCER2	none
chr19	7702204	G	T	-1	FCER2	under
chr19	7702075	G	A	-1	FCER2	none
chr1	203475764	A	C	1	PRELP	none
chr1	203475705	C	A	1	PRELP	none
chr4	76074757	A	C	1	ART3	none
chr12	6914611	C	T	1	ENO2	none
chr12	7109266	C	T	-1	C1RL	under
chr12	7109210	G	A	-1	C1RL	none
chr2	231395678	A	C	1	B3GNT7	none
chr12	6772575	C	G	1	LAG3	none
chr4	73998755	C	A	-1	CXCL5	none
chr19	13906267	C	T	1	CC2D1A	none
chr19	13906115	G	A	1	CC2D1A	none
chr13	80341208	A	T	-1	SPRY2	none
chr20	45912202	C	T	-1	PLTP	none
chr8	81280564	C	G	1	FABP5	over
chr1	206023965	G	A	-1	CTSE	under
chr19	32581180	G	C	1	PDCD5	under
chr19	32581234	G	A	1	PDCD5	none
chr19	32581163	G	T	1	PDCD5	under
chr7	150514775	T	C	1	GIMAP7	none
chr7	150514793	C	T	1	GIMAP7	none
chr12	53097706	C	G	1	IGFBP6	none
chr4	17512171	G	C	-1	QDPR	none
chr6	46735367	G	C	-1	PLA2G7	none
chr4	73436224	G	A	1	AFP	none
chr5	134874295	C	T	1	TXNDC15	none
chr5	134874323	C	T	1	TXNDC15	none
chr13	39038404	G	T	1	NHLRC3	under
chr11	130448640	T	C	1	ADAMTS15	none
chr16	31527802	C	T	1	AHSP	under
chr11	64234612	A	C	1	VEGFB	none
chr11	64234486	C	G	1	VEGFB	none
chr11	64234629	C	T	1	VEGFB	none
chr11	66347613	C	T	-1	B4GAT1	none
chr11	66347696	G	A	-1	B4GAT1	none
chr11	66347717	A	C	-1	B4GAT1	none
chr19	54313264	T	A	-1	LILRA5	under
chr15	40764024	G	A	1	GCHFR	none
chr15	40764143	A	G	1	GCHFR	under
chr15	41559168	C	G	1	TYRO3	none
chr12	7747428	T	G	-1	CLEC4C	under
chr11	33736413	G	C	-1	CD59	none
chr8	85438819	G	A	1	CA3	over
chr3	98901719	T	G	-1	DCBLD2	under
chr14	73714331	G	A	-1	PNMA1	none
chr14	73714442	C	T	-1	PNMA1	none
chr14	76761545	G	C	1	VASH1	none
chr14	76761545	G	A	1	VASH1	none
chr14	76761444	G	T	1	VASH1	none
chr7	144836102	C	T	-1	TPK1	under
